Date,Url
2019-10-08,http://kammarrattenistockholm.old.domstol.se/Domstolar/kammarrattenistockholm/Domar/2019%20juli-dec/MIG%202019-16.pdf
2019-09-24,http://kammarrattenistockholm.old.domstol.se/Domstolar/kammarrattenistockholm/Domar/2019%20juli-dec/MIG%202019-15.pdf
2019-09-02,http://kammarrattenistockholm.old.domstol.se/Domstolar/kammarrattenistockholm/Domar/2019%20juli-dec/Referat%20i%20m%c3%a5l%20nr%20UM%20536-19.pdf
2019-08-29,http://kammarrattenistockholm.old.domstol.se/Domstolar/kammarrattenistockholm/Domar/2019%20jan-juni/MIG%202019-12.pdf
2019-08-29,http://kammarrattenistockholm.old.domstol.se/Domstolar/kammarrattenistockholm/Domar/2019%20jan-juni/MIG%202019-13.pdf
2019-06-19,http://kammarrattenistockholm.old.domstol.se/Domstolar/kammarrattenistockholm/Domar/UM1087218.pdf
2019-06-17,http://kammarrattenistockholm.old.domstol.se/Domstolar/kammarrattenistockholm/Domar/2019%20jan-juni/UM14584-18.pdf
2019-06-14,http://kammarrattenistockholm.old.domstol.se/Domstolar/kammarrattenistockholm/Referat%20i%20m%c3%a5l%20UM%2017559-18.pdf
2019-05-09,http://kammarrattenistockholm.old.domstol.se/Domstolar/kammarrattenistockholm/Domar/Referat%20i%20m%c3%a5l%20nr%20UM%2012342-18.pdf
2019-04-17,http://kammarrattenistockholm.old.domstol.se/Domstolar/kammarrattenistockholm/Remissvar/2019/MIG%202019-6.pdf
2019-04-10,http://kammarrattenistockholm.old.domstol.se/Domstolar/kammarrattenistockholm/Domar/MIG%202019-5.pdf
2019-03-28,http://kammarrattenistockholm.old.domstol.se/Domstolar/kammarrattenistockholm/MIG%202019-4.pdf
2019-03-27,http://kammarrattenistockholm.old.domstol.se/Domstolar/kammarrattenistockholm/Domar/2019%20juli-dec/MIG%202019-3.pdf
2019-03-08,http://kammarrattenistockholm.old.domstol.se/Domstolar/kammarrattenistockholm/Domar/2019%20jan-juni/Referat%20i%20m%c3%a5l%20nr%20UM%2010656-18.pdf
2019-02-27,http://kammarrattenistockholm.old.domstol.se/Domstolar/kammarrattenistockholm/Domar/2019%20jan-juni/Referat%20i%20m%c3%a5l%20nr%20UM%201349-18.pdf
2018-12-17,http://kammarrattenistockholm.old.domstol.se/Domstolar/kammarrattenistockholm/Domar/2018%20Juli-dec/Referat%20i%20m%c3%a5l%20nr%2010152-18.pdf
2018-12-14,http://kammarrattenistockholm.old.domstol.se/Domstolar/kammarrattenistockholm/Domar/2018%20Juli-dec/Referat%20i%20m%c3%a5l%20nr%20UM%20263-18.pdf
2018-12-10,http://kammarrattenistockholm.old.domstol.se/Domstolar/kammarrattenistockholm/Domar/2018%20Juli-dec/Referat%20i%20m%c3%a5l%20nr%20UMS8-18.pdf
2018-11-13,http://kammarrattenistockholm.old.domstol.se/Domstolar/kammarrattenistockholm/Domar/2018%20Juli-dec/Referat%20i%20m%c3%a5l%20nr%20UM%205407-18.pdf
2018-10-18,http://kammarrattenistockholm.old.domstol.se/Domstolar/kammarrattenistockholm/Domar/2018%20Juli-dec/Referat%20i%20m%c3%a5l%20UM%203009-18.pdf
2018-09-25,http://kammarrattenistockholm.old.domstol.se/Domstolar/kammarrattenistockholm/Domar/2018%20Juli-dec/Referat%20i%20mål%20nr%20UM%2012649-18.pdf
2018-09-25,http://kammarrattenistockholm.old.domstol.se/Domstolar/kammarrattenistockholm/Domar/2018%20Juli-dec/Referat%20i%20mål%20nr%20UM%2013063-18.pdf
2018-09-20,http://kammarrattenistockholm.old.domstol.se/Domstolar/kammarrattenistockholm/Domar/2018%20Juli-dec/Referat%20i%20mål%20nr%20UM%208834-18.pdf
2018-06-29,http://kammarrattenistockholm.old.domstol.se/Domstolar/kammarrattenistockholm/Domar/2018%20Juli-dec/Referat%20i%20mål%20nr%20UM%205523-18.pdf
2018-06-19,http://kammarrattenistockholm.old.domstol.se/Domstolar/kammarrattenistockholm/Domar/2018%20jan-juni/UM%2016509-17.pdf
2018-05-25,http://kammarrattenistockholm.old.domstol.se/Domstolar/kammarrattenistockholm/Domar/2018%20jan-juni/Referat%20i%20mål%20UM%207271-18.pdf
2018-05-15,http://kammarrattenistockholm.old.domstol.se/Domstolar/kammarrattenistockholm/Domar/2018%20jan-juni/UM%202239-17.pdf
2018-05-14,http://kammarrattenistockholm.old.domstol.se/Domstolar/kammarrattenistockholm/Domar/2018%20jan-juni/Referat%20i%20mål%20nr%20UM%2016239-17.pdf
2018-05-08,http://kammarrattenistockholm.old.domstol.se/Domstolar/kammarrattenistockholm/Domar/2018%20jan-juni/UM%201091-18.pdf
2018-04-26,http://kammarrattenistockholm.old.domstol.se/Domstolar/kammarrattenistockholm/Domar/2018%20jan-juni/UM%202944-17.pdf
2018-04-25,http://kammarrattenistockholm.old.domstol.se/Domstolar/kammarrattenistockholm/Domar/2018%20jan-juni/Referat%20i%20mål%20nr%20UM%201970-17.pdf
2018-04-25,http://kammarrattenistockholm.old.domstol.se/Domstolar/kammarrattenistockholm/Domar/2018%20jan-juni/Referat%20i%20mål%20nr%20UM%202189-17.pdf
2018-04-10,http://kammarrattenistockholm.old.domstol.se/Domstolar/kammarrattenistockholm/Domar/2018%20jan-juni/Referat%20i%20mål%20nr%20UM%2014311-17.pdf
2018-03-27,http://kammarrattenistockholm.old.domstol.se/Domstolar/kammarrattenistockholm/Domar/2018%20jan-juni/UM%2011460-17.pdf
2018-03-05,http://kammarrattenistockholm.old.domstol.se/Domstolar/kammarrattenistockholm/Domar/2018%20jan-juni/UM%202630-17.pdf
2018-01-29,http://kammarrattenistockholm.old.domstol.se/Domstolar/kammarrattenistockholm/Domar/2018%20jan-juni/8384-16.pdf
2018-01-24,http://kammarrattenistockholm.old.domstol.se/Domstolar/kammarrattenistockholm/Domar/2018%20jan-juni/UM%204647-17.pdf
2018-01-09,http://kammarrattenistockholm.old.domstol.se/Domstolar/kammarrattenistockholm/Domar/2018%20jan-juni/Referat%20i%20mål%20UM%2012961-17.pdf
2017-12-22,http://kammarrattenistockholm.old.domstol.se/Domstolar/kammarrattenistockholm/Domar/2017%20juli-dec/UM%208644-16.pdf
2017-12-21,http://kammarrattenistockholm.old.domstol.se/Domstolar/kammarrattenistockholm/Domar/2017%20juli-dec/UM%2013518-17.pdf
2017-12-20,http://kammarrattenistockholm.old.domstol.se/Domstolar/kammarrattenistockholm/Domar/2017%20juli-dec/UM%208683-16.pdf
2017-12-18,http://kammarrattenistockholm.old.domstol.se/Domstolar/kammarrattenistockholm/Domar/2017%20juli-dec/UM12028-17.pdf
2017-12-13,http://kammarrattenistockholm.old.domstol.se/Domstolar/kammarrattenistockholm/Domar/2017%20juli-dec/UM%201350-17.pdf
2017-12-05,http://kammarrattenistockholm.old.domstol.se/Domstolar/kammarrattenistockholm/Domar/2017%20juli-dec/Referat%20i%20mål%20nr%20UM%206209-15.pdf
2017-11-21,http://kammarrattenistockholm.old.domstol.se/Domstolar/kammarrattenistockholm/Domar/2017%20juli-dec/Referat%20i%20mål%20nr%20UM%208836-17.pdf
2017-11-14,http://kammarrattenistockholm.old.domstol.se/Domstolar/kammarrattenistockholm/Domar/2017%20juli-dec/Referat%20i%20mål%20nr%20UM%208311-17.pdf
2017-10-30,http://kammarrattenistockholm.old.domstol.se/Domstolar/kammarrattenistockholm/Domar/2017%20juli-dec/Referat%20i%20mål%20nr%20UM%208008-16.pdf
2017-10-27,http://kammarrattenistockholm.old.domstol.se/Domstolar/kammarrattenistockholm/Domar/2017%20juli-dec/Referat%20i%20mål%20nr%20UM%203978-17.pdf
2017-09-06,http://kammarrattenistockholm.old.domstol.se/Domstolar/kammarrattenistockholm/Domar/2017%20juli-dec/Referat%20i%20mål%20nr%209168-16.pdf
2017-08-28,http://kammarrattenistockholm.old.domstol.se/Domstolar/kammarrattenistockholm/Domar/2017%20juli-dec/Referat%20i%20mål%20nr%209280-16%20och%209281-16.pdf
2017-08-10,http://kammarrattenistockholm.old.domstol.se/Domstolar/kammarrattenistockholm/Domar/2017%20juli-dec/Referat%20i%20mål%20nr%20UM%204516-16.pdf
2017-07-06,http://kammarrattenistockholm.old.domstol.se/Domstolar/kammarrattenistockholm/Domar/2019%20juli-dec/Referat%20i%20mål%20nr%20UM%202484-17.pdf
2017-06-22,http://kammarrattenistockholm.old.domstol.se/Domstolar/kammarrattenistockholm/Domar/2017%20jan-juni/Referat%20i%20mål%20nr%20UM%208098-16.pdf
2017-06-22,http://kammarrattenistockholm.old.domstol.se/Domstolar/kammarrattenistockholm/Domar/2017%20jan-juni/Referat%20i%20mål%20nr%20UM%20755-17.pdf
2017-06-21,http://kammarrattenistockholm.old.domstol.se/Domstolar/kammarrattenistockholm/Domar/2017%20jan-juni/Referat%20i%20mål%20nr%20UM%203787-16.pdf
2017-06-21,http://kammarrattenistockholm.old.domstol.se/Domstolar/kammarrattenistockholm/Domar/2017%20jan-juni/Referat%20i%20mål%20nr%20UM%207734-16.pdf
2017-04-27,http://kammarrattenistockholm.old.domstol.se/Domstolar/kammarrattenistockholm/Domar/2017%20jan-juni/Referat%20i%20mål%20nr%20UM%208585-16.pdf
2017-04-12,http://kammarrattenistockholm.old.domstol.se/Domstolar/kammarrattenistockholm/Domar/2017%20jan-juni/Referat%20i%20mål%20nr%20UM%207143-16.pdf
2017-03-28,http://kammarrattenistockholm.old.domstol.se/Domstolar/kammarrattenistockholm/Domar/2017%20jan-juni/Referat%20i%20mål%20nr%20UM%20623-16.pdf
2017-03-21,http://kammarrattenistockholm.old.domstol.se/Domstolar/kammarrattenistockholm/Domar/2017%20jan-juni/Referat%20i%20mål%20nr%20UM%206553-16.pdf
2017-03-17,http://kammarrattenistockholm.old.domstol.se/Domstolar/kammarrattenistockholm/Domar/2017%20jan-juni/Referat%20i%20mål%20nr%20UM%20911-16.pdf
2017-03-03,http://kammarrattenistockholm.old.domstol.se/Domstolar/kammarrattenistockholm/Domar/2017%20jan-juni/Referat%20i%20mål%20nr%20UM%203926-16.pdf
2017-02-24,http://kammarrattenistockholm.old.domstol.se/Domstolar/kammarrattenistockholm/Domar/2017%20jan-juni/Referat%20i%20mål%20nr%20UM%209067--9068-16.pdf
2017-02-22,http://kammarrattenistockholm.old.domstol.se/Domstolar/kammarrattenistockholm/Domar/2017%20jan-juni/Referat%20i%20mål%20nr%20UM%205736-16.pdf
2017-01-31,http://kammarrattenistockholm.old.domstol.se/Domstolar/kammarrattenistockholm/Domar/2017%20jan-juni/Referat%20i%20mål%20nr%20UM%201963-16.pdf
2017-01-18,http://kammarrattenistockholm.old.domstol.se/Domstolar/kammarrattenistockholm/Domar/2017%20jan-juni/Referat%20i%20mål%20nr%20UM%209122-16.pdf
2020-04-08,https://www.domstol.se/migrationsoverdomstolen/vagledande-avgoranden/2020/60762/
2020-04-01,https://www.domstol.se/migrationsoverdomstolen/vagledande-avgoranden/2020/60124/
2020-03-24,https://www.domstol.se/migrationsoverdomstolen/vagledande-avgoranden/2020/57555/
2020-02-27,https://www.domstol.se/migrationsoverdomstolen/vagledande-avgoranden/2020/56018/
2020-02-17,https://www.domstol.se/migrationsoverdomstolen/vagledande-avgoranden/2020/55351/
2020-02-06,https://www.domstol.se/migrationsoverdomstolen/vagledande-avgoranden/2020/49476/
2020-01-29,https://www.domstol.se/migrationsoverdomstolen/vagledande-avgoranden/2020/49136/
2019-12-17,https://www.domstol.se/migrationsoverdomstolen/vagledande-avgoranden/2019/34702/
2019-12-12,https://www.domstol.se/migrationsoverdomstolen/vagledande-avgoranden/2019/34472/
2019-12-10,https://www.domstol.se/migrationsoverdomstolen/vagledande-avgoranden/2019/34334/
2019-11-29,https://www.domstol.se/migrationsoverdomstolen/vagledande-avgoranden/2019/33440/
2019-11-15,https://www.domstol.se/migrationsoverdomstolen/vagledande-avgoranden/2019/32892/
2019-11-14,https://www.domstol.se/migrationsoverdomstolen/vagledande-avgoranden/2019/32795/
2019-11-14,https://www.domstol.se/migrationsoverdomstolen/vagledande-avgoranden/2019/32806/
2019-11-06,https://www.domstol.se/migrationsoverdomstolen/vagledande-avgoranden/2019/32313/
2019-11-01,https://www.domstol.se/migrationsoverdomstolen/vagledande-avgoranden/2019/32061/
2019-10-23,https://www.domstol.se/migrationsoverdomstolen/vagledande-avgoranden/2019/31375/
